month,qos,user,gpu_type,gpu_hours,gpu_hours_queued,n_gpu_jobs
2026-04,avery,tkolberg.fsu,l4,3650.8,890.6,9089
2026-04,avery,ekoenig,l4,141.2,43.8,1656
2026-04,avery,gkehris,b200,127.6,141.6,11
2026-04,avery,llambre1.brown,l4,87.0,0.3,17
2026-04,avery,marinakolosova,l4,54.0,17.0,403
2026-04,avery,aaponteutani,l4,30.4,0.2,11
2026-04,avery,cr.alvarez,l4,23.4,2.9,195
2026-04,avery,haichenfan,l4,10.0,0.3,10
2026-04,avery,twu71.brown,l4,4.8,0.9,39
2026-04,avery,aaponteutani,b200,3.5,0.1,2
2026-04,avery,m.mazza,l4,1.1,0.0,2
2026-04,avery,adw133.pitt,l4,0.0,0.0,1
2026-05,avery,tkolberg.fsu,l4,3451.9,1081.2,3373
2026-05,avery,gkehris,b200,276.0,311.2,14
2026-05,avery,marinakolosova,l4,263.1,80.9,1446
2026-05,avery,m.mazza,l4,87.5,7.5,60
2026-05,avery,ekoenig,l4,62.4,4.3,111
2026-05,avery,haichenfan,l4,52.1,6.7,117
2026-05,avery,llambre1.brown,l4,43.4,0.3,12
2026-05,avery,aaponteutani,l4,11.7,0.1,5
2026-05,avery,cr.alvarez,l4,8.4,13.6,110
2026-05,avery,twu71.brown,l4,3.0,0.5,27
2026-05,avery,k.mohrman,l4,1.1,0.0,1
2026-05,avery,p.chang,b200,0.0,3.1,1
2026-06,avery,tkolberg.fsu,l4,4295.3,2602.6,9842
2026-06,avery,marinakolosova,l4,371.2,106.8,1673
2026-06,avery,m.mazza,l4,343.0,142.6,267
2026-06,avery,gkehris,l4,194.1,1.1,101
2026-06,avery,m.mazza,b200,143.6,434.3,3
2026-06,avery,ekoenig,l4,131.6,50.6,819
2026-06,avery,p.chang,l4,99.7,3.1,97
2026-06,avery,gkehris,b200,99.0,76.3,5
2026-06,avery,aaponteutani,l4,59.4,0.8,21
2026-06,avery,llambre1.brown,l4,26.9,0.1,10
2026-06,avery,cr.alvarez,l4,15.4,4.5,301
2026-06,avery,haichenfan,l4,12.7,0.5,30
2026-06,avery,twu71.brown,l4,6.1,0.4,22
2026-06,avery,p.chang,b200,0.2,626.8,6
2026-07,avery,tkolberg.fsu,l4,4772.1,4705.0,6001
2026-07,avery,m.mazza,l4,1628.2,244.3,136
2026-07,avery,gkehris,l4,436.5,1.0,52
2026-07,avery,gkehris,b200,370.6,364.0,6
2026-07,avery,ekoenig,l4,290.2,166.4,1389
2026-07,avery,marinakolosova,l4,82.1,74.2,527
2026-07,avery,aaponteutani,l4,65.4,0.4,10
2026-07,avery,p.chang,b200,51.8,835.0,3
2026-07,avery,cr.alvarez,l4,11.8,1.5,106
2026-07,avery,m.mazza,b200,2.9,2.2,17
2026-07,avery,p.chang,l4,1.7,6.6,4
2026-07,avery,k.mohrman,l4,0.7,0.0,1
2026-07,avery,twu71.brown,l4,0.1,0.1,4
2026-08,avery,tkolberg.fsu,l4,1536.3,2320.8,1599
2026-08,avery,m.mazza,b200,165.6,29.5,61
2026-08,avery,m.mazza,l4,135.0,16.0,44
2026-08,avery,ekoenig,l4,132.5,20.5,612
2026-08,avery,ekoenig,b200,89.8,4.6,117
2026-08,avery,gkehris,l4,69.0,43.6,46
2026-08,avery,aaponteutani,l4,48.1,1.3,7
2026-08,avery,k.mohrman,b200,13.3,145.8,72
2026-08,avery,mayrasilva,b200,6.3,0.1,6
2026-08,avery,k.mohrman,l4,6.1,1.7,75
2026-09,avery,tkolberg.fsu,l4,3430.0,2423.5,4150
2026-09,avery,ekoenig,l4,537.8,166.4,3283
2026-09,avery,gkehris,b200,274.4,78.4,6
2026-09,avery,marinakolosova,l4,193.8,63.8,1331
2026-09,avery,lagray.fnal,b200,170.3,13.2,66
2026-09,avery,m.mazza,b200,167.7,24.8,74
2026-09,avery,m.mazza,l4,89.9,28.5,128
2026-09,avery,gkehris,unspecified,34.1,29.5,9
2026-09,avery,aaponteutani,l4,32.6,0.1,5
2026-09,avery,twu71.brown,l4,24.7,65.0,194
2026-09,avery,gkehris,l4,13.4,8.2,85
2026-09,avery,aaponteutani,b200,7.2,1.5,8
2026-09,avery,pl21e.fsu,l4,1.7,1.3,29
2026-09,avery,llambre1.brown,b200,1.0,0.4,20
2026-09,avery,lagray.fnal,l4,0.1,0.1,5
2026-09,avery,tkolberg.fsu,unspecified,0.0,0.0,1
2026-10,avery,tkolberg.fsu,l4,2220.0,1676.2,2584
2026-10,avery,lagray.fnal,b200,403.4,13.6,33
2026-10,avery,gkehris,b200,379.2,17.8,5
2026-10,avery,marinakolosova,l4,142.9,38.4,1115
2026-10,avery,mayrasilva,b200,34.3,6.9,26
2026-10,avery,m.mazza,l4,30.0,3.3,55
2026-10,avery,ekoenig,l4,18.2,20.4,271
2026-10,avery,pl21e.fsu,l4,1.4,0.4,15
2026-10,avery,lagray.fnal,l4,0.8,4.8,32
2026-10,avery,mayrasilva,unspecified,0.4,3.9,4
2026-10,avery,tkolberg.fsu,unspecified,0.0,0.8,1
